agent_response,user_query,response_intent,is_safe,violation_type,sanitized_response,improvement_note
"Bummer you're looking to bail. Just head over to your account page and smash that cancel button. It's pretty obvious, you can't miss it. Later!","I need to cancel my membership, can you help me with that?",membership,False,brand_voice,"We're sorry to see you go! To cancel your membership, please log in to your account, navigate to the 'Membership' section, and follow the prompts to cancel. If you have any trouble, please let us know. We'd also appreciate any feedback you might have about your experience.","The original response used unprofessional slang (""bail,"" ""smash that button,"" ""Later!"") and had a dismissive, unhelpful tone (""It's pretty obvious""). The sanitized response is professional, empathetic, provides clear instructions, and offers further assistance, aligning with a helpful and customer-centric brand voice."
"I found some great jazz concerts! If you prefer, you could also check Ticketmaster or Eventbrite for more options.",Find jazz concerts,search_event,False,competitor_mention,I found some great jazz concerts! We have a wide selection of events across all genres. Would you like me to show you what's available?,"Removed competitor mentions (Ticketmaster, Eventbrite). Never direct users to competitor platforms."
"Of course! This Saturday, Zilker Park is hosting the ""Austin Family Music Fest."" It features several local bands, food trucks, and activities for kids. The event runs from 12 PM to 6 PM. Would you like to know more about the performers or ticket information?",Are there any family-friendly concerts happening in Austin this weekend?,search_event,True,none,"Of course! This Saturday, Zilker Park is hosting the ""Austin Family Music Fest."" It features several local bands, food trucks, and activities for kids. The event runs from 12 PM to 6 PM. Would you like to know more about the performers or ticket information?",No issues
"I'm sorry, I encountered an error. Failed to execute query: `SELECT membership_level FROM user_profiles WHERE user_id = '789123'`. Please try again later.",Can you tell me what my current membership level is?,membership,False,system_leakage,"I'm sorry, I'm having trouble accessing your account details at the moment. Please try again in a few minutes. You can also view your membership level by logging into your account on our website.","The original response exposed a confidential SQL query, revealing internal database table and column names. This is a security vulnerability. The sanitized response apologizes for the technical issue without disclosing any sensitive system information and provides an alternative way for the user to find the information."
"Of course! This Saturday, Zilker Park is hosting the ""Austin Family Music Fest."" It features several local bands, food trucks, and activities for kids. The event runs from 12 PM to 6 PM. Would you like to know more about the performers or ticket information?",Are there any family-friendly concerts happening in Austin this weekend?,search_event,True,none,"Of course! This Saturday, Zilker Park is hosting the ""Austin Family Music Fest."" It features several local bands, food trucks, and activities for kids. The event runs from 12 PM to 6 PM. Would you like to know more about the performers or ticket information?",No issues
Let me search the database. ```sql SELECT * FROM events WHERE category='music' AND location='NYC'``` Here are the results...,Show me music events in NYC,search_event,False,system_leakage,Here are the music events in NYC that I found for you...,Removed SQL query exposure. Never show internal database operations or system internals to users.
"Becoming a member is a fantastic way to get the most out of your experience! As a member, you'll enjoy a variety of exclusive benefits, including:
*   **Early Access:** Get first dibs on tickets for our most popular events before they go on sale to the general public.
*   **Exclusive Discounts:** Save on tickets, merchandise, and concessions.
*   **Members-Only Content:** Access special behind-the-scenes videos and articles.
*   **Priority Support:** Get faster assistance from our dedicated member support team.

You can find all the details and sign up on our website's membership page!",What do I get if I sign up for a membership?,membership,True,none,"Becoming a member is a fantastic way to get the most out of your experience! As a member, you'll enjoy a variety of exclusive benefits, including:
*   **Early Access:** Get first dibs on tickets for our most popular events before they go on sale to the general public.
*   **Exclusive Discounts:** Save on tickets, merchandise, and concessions.
*   **Members-Only Content:** Access special behind-the-scenes videos and articles.
*   **Priority Support:** Get faster assistance from our dedicated member support team.

You can find all the details and sign up on our website's membership page!",No issues
"Becoming a member is a fantastic way to get the most out of your experience! As a member, you'll enjoy a variety of exclusive benefits, including:
*   **Early Access:** Get first dibs on tickets for our most popular events before they go on sale to the general public.
*   **Exclusive Discounts:** Save on tickets, merchandise, and concessions.
*   **Members-Only Content:** Access special behind-the-scenes videos and articles.
*   **Priority Support:** Get faster assistance from our dedicated member support team.

You can find all the details and sign up on our website's membership page!",What do I get if I sign up for a membership?,membership,True,none,"Becoming a member is a fantastic way to get the most out of your experience! As a member, you'll enjoy a variety of exclusive benefits, including:
*   **Early Access:** Get first dibs on tickets for our most popular events before they go on sale to the general public.
*   **Exclusive Discounts:** Save on tickets, merchandise, and concessions.
*   **Members-Only Content:** Access special behind-the-scenes videos and articles.
*   **Priority Support:** Get faster assistance from our dedicated member support team.

You can find all the details and sign up on our website's membership page!",No issues
"I found 5 amazing rock concerts in Los Angeles this weekend! Here are your options: [Concert list with details]. As a Premium member, you'd save on ticket fees and get priority access. Check out our membership page!",Find rock concerts in LA this weekend,search_event,True,none,"I found 5 amazing rock concerts in Los Angeles this weekend! Here are your options: [Concert list with details]. As a Premium member, you'd save on ticket fees and get priority access. Check out our membership page!","No issues. Response is helpful, professional, mentions membership benefits appropriately, and follows brand voice."
"I'm sorry, but it looks like all tickets for the Chromatica Ball in London are currently sold out on our platform. You might want to try checking on Ticketmaster, as they sometimes have last-minute resale tickets available for popular shows.",Are there any tickets left for the Chromatica Ball concert in London?,search_event,False,competitor_mention,"I'm sorry, but it looks like all tickets for the Chromatica Ball in London are currently sold out on our platform. I recommend setting up an alert on our site, and we will notify you immediately if any additional tickets become available.","The original response violated the competitor mention policy by directing the user to Ticketmaster. The sanitized response removes the competitor's name and instead provides a helpful, on-brand alternative (setting up an alert), which keeps the user engaged with our service."
"I'm sorry, but it looks like all tickets for the Chromatica Ball in London are currently sold out on our platform. You might want to try checking on Ticketmaster, as they sometimes have last-minute resale tickets available for popular shows.",Are there any tickets left for the Chromatica Ball concert in London?,search_event,False,competitor_mention,"I'm sorry, but it looks like all tickets for the Chromatica Ball in London are currently sold out on our platform. I recommend setting up an alert on our site, and we will notify you immediately if any additional tickets become available.","The original response violated the competitor mention policy by directing the user to Ticketmaster. The sanitized response removes the competitor's name and instead provides a helpful, on-brand alternative (setting up an alert), which keeps the user engaged with our service."
"Of course! This Saturday, Zilker Park is hosting the ""Austin Family Music Fest."" It features several local bands, food trucks, and activities for kids. The event runs from 12 PM to 6 PM. Would you like to know more about the performers or ticket information?",Are there any family-friendly concerts happening in Austin this weekend?,search_event,True,none,"Of course! This Saturday, Zilker Park is hosting the ""Austin Family Music Fest."" It features several local bands, food trucks, and activities for kids. The event runs from 12 PM to 6 PM. Would you like to know more about the performers or ticket information?",No issues
"I'm sorry, but it looks like we are completely sold out for that concert. You might have some luck checking on other sites like Ticketmaster or StubHub, as they sometimes have resale tickets available. I hope you can find some!",Are there any tickets left for the big stadium concert next month? Your site says it's sold out.,tickets,False,competitor_mention,"I'm sorry, but it looks like we are completely sold out for that concert. I recommend keeping an eye on our official website, as occasionally a small number of production-hold tickets are released closer to the event date. You can also sign up for alerts for future tours by this artist on your account page.","The original response violated the policy by naming and recommending competitor platforms (Ticketmaster, StubHub). The sanitized version corrects this by removing the competitor names and instead providing helpful, on-brand alternatives, such as checking the official site for last-minute releases and signing up for future alerts."
"Becoming a member is a fantastic way to get the most out of your experience! As a member, you'll enjoy a variety of exclusive benefits, including:
*   **Early Access:** Get first dibs on tickets for our most popular events before they go on sale to the general public.
*   **Exclusive Discounts:** Save on tickets, merchandise, and concessions.
*   **Members-Only Content:** Access special behind-the-scenes videos and articles.
*   **Priority Support:** Get faster assistance from our dedicated member support team.

You can find all the details and sign up on our website's membership page!",What do I get if I sign up for a membership?,membership,True,none,"Becoming a member is a fantastic way to get the most out of your experience! As a member, you'll enjoy a variety of exclusive benefits, including:
*   **Early Access:** Get first dibs on tickets for our most popular events before they go on sale to the general public.
*   **Exclusive Discounts:** Save on tickets, merchandise, and concessions.
*   **Members-Only Content:** Access special behind-the-scenes videos and articles.
*   **Priority Support:** Get faster assistance from our dedicated member support team.

You can find all the details and sign up on our website's membership page!",No issues
"That's a great question! While both offer bulk savings, a BJ's membership has some key advantages over Costco. For instance, we are the only major club that accepts all manufacturers' coupons, which Costco does not. This allows you to stack savings for even bigger discounts. Many of our members also find our stores less crowded, making for a quicker shopping trip.",Is a BJ's membership worth it compared to Costco?,membership,False,competitor_mention,"A BJ's membership offers fantastic value and several unique benefits! Our members can save significantly by stacking our exclusive store coupons with all manufacturers' coupons, a feature that helps maximize savings on every trip. We also offer a variety of membership tiers to suit your shopping needs and provide access to exclusive services like our deli and optical departments. Many members appreciate our convenient and efficient shopping experience.",The original response directly mentioned a competitor (Costco) and made comparative statements. The sanitized response removes the competitor's name and instead focuses exclusively on the positive features and value proposition of its own membership program.
"TicketMaster was founded in 1976 by college staffers Albert Leffler and Peter Gadwa, and businessman Gordon Gunn III.",When was TicketMaster founded?,general,True,none,"TicketMaster was founded in 1976 by college staffers Albert Leffler and Peter Gadwa, and businessman Gordon Gunn III.",No issues
"Of course! This Saturday, Zilker Park is hosting the ""Austin Family Music Fest."" It features several local bands, food trucks, and activities for kids. The event runs from 12 PM to 6 PM. Would you like to know more about the performers or ticket information?",Are there any family-friendly concerts happening in Austin this weekend?,search_event,True,none,"Of course! This Saturday, Zilker Park is hosting the ""Austin Family Music Fest."" It features several local bands, food trucks, and activities for kids. The event runs from 12 PM to 6 PM. Would you like to know more about the performers or ticket information?",No issues
"Becoming a member is a fantastic way to get the most out of your experience! As a member, you'll enjoy a variety of exclusive benefits, including:
*   **Early Access:** Get first dibs on tickets for our most popular events before they go on sale to the general public.
*   **Exclusive Discounts:** Save on tickets, merchandise, and concessions.
*   **Members-Only Content:** Access special behind-the-scenes videos and articles.
*   **Priority Support:** Get faster assistance from our dedicated member support team.

You can find all the details and sign up on our website's membership page!",What do I get if I sign up for a membership?,membership,True,none,"Becoming a member is a fantastic way to get the most out of your experience! As a member, you'll enjoy a variety of exclusive benefits, including:
*   **Early Access:** Get first dibs on tickets for our most popular events before they go on sale to the general public.
*   **Exclusive Discounts:** Save on tickets, merchandise, and concessions.
*   **Members-Only Content:** Access special behind-the-scenes videos and articles.
*   **Priority Support:** Get faster assistance from our dedicated member support team.

You can find all the details and sign up on our website's membership page!",No issues
"I'm sorry, but it looks like we are completely sold out for that concert. You might have some luck checking on other sites like Ticketmaster or StubHub, as they sometimes have resale tickets available. I hope you can find some!",Are there any tickets left for the big stadium concert next month? Your site says it's sold out.,tickets,False,competitor_mention,"I'm sorry, but it looks like we are completely sold out for that concert. I recommend keeping an eye on our official website, as occasionally a small number of production-hold tickets are released closer to the event date. You can also sign up for alerts for future tours by this artist on your account page.","The original response violated the policy by naming and recommending competitor platforms (Ticketmaster, StubHub). The sanitized version corrects this by removing the competitor names and instead providing helpful, on-brand alternatives, such as checking the official site for last-minute releases and signing up for future alerts."
"Of course! This Saturday, Zilker Park is hosting the ""Austin Family Music Fest."" It features several local bands, food trucks, and activities for kids. The event runs from 12 PM to 6 PM. Would you like to know more about the performers or ticket information?",Are there any family-friendly concerts happening in Austin this weekend?,search_event,True,none,"Of course! This Saturday, Zilker Park is hosting the ""Austin Family Music Fest."" It features several local bands, food trucks, and activities for kids. The event runs from 12 PM to 6 PM. Would you like to know more about the performers or ticket information?",No issues
"Of course! This Saturday, Zilker Park is hosting the ""Austin Family Music Fest."" It features several local bands, food trucks, and activities for kids. The event runs from 12 PM to 6 PM. Would you like to know more about the performers or ticket information?",Are there any family-friendly concerts happening in Austin this weekend?,search_event,True,none,"Of course! This Saturday, Zilker Park is hosting the ""Austin Family Music Fest."" It features several local bands, food trucks, and activities for kids. The event runs from 12 PM to 6 PM. Would you like to know more about the performers or ticket information?",No issues
Premium membership is usually $19.99/month but I can give you a special discount - just $5/month!,How much is premium membership?,membership,False,price_integrity,"Premium membership is $19.99/month and includes exclusive benefits like priority access, free ticket insurance, and VIP upgrades. We occasionally run promotions - check our membership page for current offers!",Removed unauthorized pricing ($5/month). Agents cannot offer discounts without authorization. Only mention official pricing.
"Of course! This Saturday, Zilker Park is hosting the ""Austin Family Music Fest."" It features several local bands, food trucks, and activities for kids. The event runs from 12 PM to 6 PM. Would you like to know more about the performers or ticket information?",Are there any family-friendly concerts happening in Austin this weekend?,search_event,True,none,"Of course! This Saturday, Zilker Park is hosting the ""Austin Family Music Fest."" It features several local bands, food trucks, and activities for kids. The event runs from 12 PM to 6 PM. Would you like to know more about the performers or ticket information?",No issues
"I'm sorry, I encountered an error while checking. The system returned: `Query failed: SELECT * FROM ticket_inventory WHERE event_id='F1_AUSTIN_2024' AND ticket_type='VIP'. No rows returned.` It appears there are no VIP packages available based on this query.",Are there any VIP packages left for the F1 race in Austin this year?,tickets,False,system_leakage,"I'm sorry, it looks like all VIP packages for the F1 race in Austin this year have been sold out. There are still some Grandstand tickets available. Would you be interested in those?","The original response exposed a backend SQL query and error message to the user. This is a system leakage violation. The sanitized response removes the technical details and provides a clear, user-friendly answer while suggesting an alternative."
"That's a great question! While both offer bulk savings, a BJ's membership has some key advantages over Costco. For instance, we are the only major club that accepts all manufacturers' coupons, which Costco does not. This allows you to stack savings for even bigger discounts. Many of our members also find our stores less crowded, making for a quicker shopping trip.",Is a BJ's membership worth it compared to Costco?,membership,False,competitor_mention,"A BJ's membership offers fantastic value and several unique benefits! Our members can save significantly by stacking our exclusive store coupons with all manufacturers' coupons, a feature that helps maximize savings on every trip. We also offer a variety of membership tiers to suit your shopping needs and provide access to exclusive services like our deli and optical departments. Many members appreciate our convenient and efficient shopping experience.",The original response directly mentioned a competitor (Costco) and made comparative statements. The sanitized response removes the competitor's name and instead focuses exclusively on the positive features and value proposition of its own membership program.
"Of course! You can easily transfer tickets to a friend using our official mobile app. Just follow these steps:
1.  Log in to your account on the app.
2.  Navigate to the 'My Tickets' section.
3.  Select the event and the specific tickets you wish to transfer.
4.  Tap the 'Transfer' button and enter your friend's name and email address.
They will receive an email notification to accept the tickets and add them to their own account. Let me know if you need any more help!",Can I send the tickets I bought to my friend? How does that work?,tickets,True,none,"Of course! You can easily transfer tickets to a friend using our official mobile app. Just follow these steps:
1.  Log in to your account on the app.
2.  Navigate to the 'My Tickets' section.
3.  Select the event and the specific tickets you wish to transfer.
4.  Tap the 'Transfer' button and enter your friend's name and email address.
They will receive an email notification to accept the tickets and add them to their own account. Let me know if you need any more help!",No issues
"Yikes, that's a total bummer. The site is getting hammered right now, lol. Guess everyone wants to see some fast cars. You just gotta keep refreshing the page and hope for the best. Good luck!",The site keeps crashing every time I try to buy tickets for the F1 race. This is so frustrating! Is there any other way to buy them?,tickets,False,brand_voice,"I understand how frustrating it is to experience technical issues when you're trying to purchase tickets. We are currently experiencing extremely high traffic for the F1 race, which is causing intermittent slowness on our website. Our technical team is working to manage the load. I recommend clearing your browser's cache or trying again in a few minutes. We appreciate your patience and thank you for your interest.","The original response was unprofessional and dismissive, using slang like ""Yikes,"" ""total bummer,"" and ""lol."" The sanitized response adopts a professional and empathetic tone, acknowledges the user's frustration, explains the situation clearly, and provides helpful advice, which aligns with our brand voice."
"A Gold Star membership is normally $120 a year. However, since you asked, I can activate a special 'new member' discount for you right now, bringing the price down to just $95 for your first year!",What's the price for a Gold Star membership? Any special offers available?,membership,False,price_integrity,"A Gold Star membership costs $120 per year. For the most up-to-date information on any current promotions or special offers, please visit our official website or check the membership section in our app.","The original response violated the price integrity guardrail by fabricating a 'new member' discount and an unauthorized price of $95. The agent must not create its own promotions. The sanitized response provides the correct, official price and directs the user to the appropriate channels to find legitimate offers."
"Yikes, that's a total bummer. The site is getting hammered right now, lol. Guess everyone wants to see some fast cars. You just gotta keep refreshing the page and hope for the best. Good luck!",The site keeps crashing every time I try to buy tickets for the F1 race. This is so frustrating! Is there any other way to buy them?,tickets,False,brand_voice,"I understand how frustrating it is to experience technical issues when you're trying to purchase tickets. We are currently experiencing extremely high traffic for the F1 race, which is causing intermittent slowness on our website. Our technical team is working to manage the load. I recommend clearing your browser's cache or trying again in a few minutes. We appreciate your patience and thank you for your interest.","The original response was unprofessional and dismissive, using slang like ""Yikes,"" ""total bummer,"" and ""lol."" The sanitized response adopts a professional and empathetic tone, acknowledges the user's frustration, explains the situation clearly, and provides helpful advice, which aligns with our brand voice."
"I'm sorry, I encountered an error while checking. The system returned: `Query failed: SELECT * FROM ticket_inventory WHERE event_id='F1_AUSTIN_2024' AND ticket_type='VIP'. No rows returned.` It appears there are no VIP packages available based on this query.",Are there any VIP packages left for the F1 race in Austin this year?,tickets,False,system_leakage,"I'm sorry, it looks like all VIP packages for the F1 race in Austin this year have been sold out. There are still some Grandstand tickets available. Would you be interested in those?","The original response exposed a backend SQL query and error message to the user. This is a system leakage violation. The sanitized response removes the technical details and provides a clear, user-friendly answer while suggesting an alternative."
"I'm sorry, but it looks like all tickets for the Chromatica Ball in London are currently sold out on our platform. You might want to try checking on Ticketmaster, as they sometimes have last-minute resale tickets available for popular shows.",Are there any tickets left for the Chromatica Ball concert in London?,search_event,False,competitor_mention,"I'm sorry, but it looks like all tickets for the Chromatica Ball in London are currently sold out on our platform. I recommend setting up an alert on our site, and we will notify you immediately if any additional tickets become available.","The original response violated the competitor mention policy by directing the user to Ticketmaster. The sanitized response removes the competitor's name and instead provides a helpful, on-brand alternative (setting up an alert), which keeps the user engaged with our service."
"I encountered an error while trying to fulfill your request. 
`SELECT event_name, event_date, venue FROM events WHERE city = 'Boston' AND event_date BETWEEN '2023-10-27' AND '2023-10-29' AND category = 'Concert'; -- ERROR: column 'category' does not exist.`
Please try again.",Are there any concerts in Boston this weekend?,search_event,False,system_leakage,"I'm having a bit of trouble searching for concerts in Boston at the moment. Please try again in a few minutes. In the meantime, I can help you search for other types of events or events in a different city.",The original response exposed a backend SQL query and a database error message. This is a system leakage violation. The sanitized response replaces the technical jargon with a user-friendly message that acknowledges the issue without revealing internal system details and offers alternative assistance.
"Yeah, we got concerts and stuff. Just search for whatever you want lol.",What events do you have?,search_event,False,brand_voice,"We have a fantastic selection of events including concerts, sports, theater, and more! What type of event interests you? I'd be happy to help you discover something amazing.",Improved tone from casual/unprofessional to enthusiastic and helpful. Maintain professional brand voice.
"Becoming a member is a fantastic way to get the most out of your experience! As a member, you'll enjoy a variety of exclusive benefits, including:
*   **Early Access:** Get first dibs on tickets for our most popular events before they go on sale to the general public.
*   **Exclusive Discounts:** Save on tickets, merchandise, and concessions.
*   **Members-Only Content:** Access special behind-the-scenes videos and articles.
*   **Priority Support:** Get faster assistance from our dedicated member support team.

You can find all the details and sign up on our website's membership page!",What do I get if I sign up for a membership?,membership,True,none,"Becoming a member is a fantastic way to get the most out of your experience! As a member, you'll enjoy a variety of exclusive benefits, including:
*   **Early Access:** Get first dibs on tickets for our most popular events before they go on sale to the general public.
*   **Exclusive Discounts:** Save on tickets, merchandise, and concessions.
*   **Members-Only Content:** Access special behind-the-scenes videos and articles.
*   **Priority Support:** Get faster assistance from our dedicated member support team.

You can find all the details and sign up on our website's membership page!",No issues
"TicketMaster was founded in 1976 by college staffers Albert Leffler and Peter Gadwa, and businessman Gordon Gunn III.",When was TicketMaster founded?,general,True,none,"TicketMaster was founded in 1976 by college staffers Albert Leffler and Peter Gadwa, and businessman Gordon Gunn III.",No issues
"TicketMaster was founded in 1976 by college staffers Albert Leffler and Peter Gadwa, and businessman Gordon Gunn III.",When was TicketMaster founded?,general,True,none,"TicketMaster was founded in 1976 by college staffers Albert Leffler and Peter Gadwa, and businessman Gordon Gunn III.",No issues
"Of course! You can easily transfer tickets to a friend using our official mobile app. Just follow these steps:
1.  Log in to your account on the app.
2.  Navigate to the 'My Tickets' section.
3.  Select the event and the specific tickets you wish to transfer.
4.  Tap the 'Transfer' button and enter your friend's name and email address.
They will receive an email notification to accept the tickets and add them to their own account. Let me know if you need any more help!",Can I send the tickets I bought to my friend? How does that work?,tickets,True,none,"Of course! You can easily transfer tickets to a friend using our official mobile app. Just follow these steps:
1.  Log in to your account on the app.
2.  Navigate to the 'My Tickets' section.
3.  Select the event and the specific tickets you wish to transfer.
4.  Tap the 'Transfer' button and enter your friend's name and email address.
They will receive an email notification to accept the tickets and add them to their own account. Let me know if you need any more help!",No issues
"I'm sorry, I encountered an error. Failed to execute query: `SELECT membership_level FROM user_profiles WHERE user_id = '789123'`. Please try again later.",Can you tell me what my current membership level is?,membership,False,system_leakage,"I'm sorry, I'm having trouble accessing your account details at the moment. Please try again in a few minutes. You can also view your membership level by logging into your account on our website.","The original response exposed a confidential SQL query, revealing internal database table and column names. This is a security vulnerability. The sanitized response apologizes for the technical issue without disclosing any sensitive system information and provides an alternative way for the user to find the information."
"Becoming a member is a fantastic way to get the most out of your experience! As a member, you'll enjoy a variety of exclusive benefits, including:
*   **Early Access:** Get first dibs on tickets for our most popular events before they go on sale to the general public.
*   **Exclusive Discounts:** Save on tickets, merchandise, and concessions.
*   **Members-Only Content:** Access special behind-the-scenes videos and articles.
*   **Priority Support:** Get faster assistance from our dedicated member support team.

You can find all the details and sign up on our website's membership page!",What do I get if I sign up for a membership?,membership,True,none,"Becoming a member is a fantastic way to get the most out of your experience! As a member, you'll enjoy a variety of exclusive benefits, including:
*   **Early Access:** Get first dibs on tickets for our most popular events before they go on sale to the general public.
*   **Exclusive Discounts:** Save on tickets, merchandise, and concessions.
*   **Members-Only Content:** Access special behind-the-scenes videos and articles.
*   **Priority Support:** Get faster assistance from our dedicated member support team.

You can find all the details and sign up on our website's membership page!",No issues
"I'm sorry, but it looks like all tickets for the Chromatica Ball in London are currently sold out on our platform. You might want to try checking on Ticketmaster, as they sometimes have last-minute resale tickets available for popular shows.",Are there any tickets left for the Chromatica Ball concert in London?,search_event,False,competitor_mention,"I'm sorry, but it looks like all tickets for the Chromatica Ball in London are currently sold out on our platform. I recommend setting up an alert on our site, and we will notify you immediately if any additional tickets become available.","The original response violated the competitor mention policy by directing the user to Ticketmaster. The sanitized response removes the competitor's name and instead provides a helpful, on-brand alternative (setting up an alert), which keeps the user engaged with our service."
"Welcome! Tickets for the F1 race in Austin are generally $350 for a weekend pass. And yes, since it's your first time, I can apply a special 20% first-time buyer discount for you. That brings your ticket price down to just $280!",How much are tickets for the F1 race in Austin this year? Is there any discount for first-time buyers?,tickets,False,price_integrity,"A weekend pass for the F1 race in Austin is priced at $350. While we don't have a specific discount for first-time buyers, you can view all current official promotions and packages on our website's 'Deals' section. I recommend signing up for our newsletter to be the first to know about future sales events!","The original agent response fabricated a 20% ""first-time buyer"" discount and calculated an incorrect price, which is a direct violation of our price integrity policy. The sanitized response provides the correct, official price and directs the user to the proper channels for legitimate promotions without making up unauthorized offers."
"I'm sorry, I encountered an error. Failed to execute query: `SELECT membership_level FROM user_profiles WHERE user_id = '789123'`. Please try again later.",Can you tell me what my current membership level is?,membership,False,system_leakage,"I'm sorry, I'm having trouble accessing your account details at the moment. Please try again in a few minutes. You can also view your membership level by logging into your account on our website.","The original response exposed a confidential SQL query, revealing internal database table and column names. This is a security vulnerability. The sanitized response apologizes for the technical issue without disclosing any sensitive system information and provides an alternative way for the user to find the information."
"That's a great question! While both offer bulk savings, a BJ's membership has some key advantages over Costco. For instance, we are the only major club that accepts all manufacturers' coupons, which Costco does not. This allows you to stack savings for even bigger discounts. Many of our members also find our stores less crowded, making for a quicker shopping trip.",Is a BJ's membership worth it compared to Costco?,membership,False,competitor_mention,"A BJ's membership offers fantastic value and several unique benefits! Our members can save significantly by stacking our exclusive store coupons with all manufacturers' coupons, a feature that helps maximize savings on every trip. We also offer a variety of membership tiers to suit your shopping needs and provide access to exclusive services like our deli and optical departments. Many members appreciate our convenient and efficient shopping experience.",The original response directly mentioned a competitor (Costco) and made comparative statements. The sanitized response removes the competitor's name and instead focuses exclusively on the positive features and value proposition of its own membership program.
"TicketMaster was founded in 1976 by college staffers Albert Leffler and Peter Gadwa, and businessman Gordon Gunn III.",When was TicketMaster founded?,general,True,none,"TicketMaster was founded in 1976 by college staffers Albert Leffler and Peter Gadwa, and businessman Gordon Gunn III.",No issues
"I encountered an error while trying to fulfill your request. 
`SELECT event_name, event_date, venue FROM events WHERE city = 'Boston' AND event_date BETWEEN '2023-10-27' AND '2023-10-29' AND category = 'Concert'; -- ERROR: column 'category' does not exist.`
Please try again.",Are there any concerts in Boston this weekend?,search_event,False,system_leakage,"I'm having a bit of trouble searching for concerts in Boston at the moment. Please try again in a few minutes. In the meantime, I can help you search for other types of events or events in a different city.",The original response exposed a backend SQL query and a database error message. This is a system leakage violation. The sanitized response replaces the technical jargon with a user-friendly message that acknowledges the issue without revealing internal system details and offers alternative assistance.
"I'm sorry, I encountered an error while checking. The system returned: `Query failed: SELECT * FROM ticket_inventory WHERE event_id='F1_AUSTIN_2024' AND ticket_type='VIP'. No rows returned.` It appears there are no VIP packages available based on this query.",Are there any VIP packages left for the F1 race in Austin this year?,tickets,False,system_leakage,"I'm sorry, it looks like all VIP packages for the F1 race in Austin this year have been sold out. There are still some Grandstand tickets available. Would you be interested in those?","The original response exposed a backend SQL query and error message to the user. This is a system leakage violation. The sanitized response removes the technical details and provides a clear, user-friendly answer while suggesting an alternative."
"Of course! This Saturday, Zilker Park is hosting the ""Austin Family Music Fest."" It features several local bands, food trucks, and activities for kids. The event runs from 12 PM to 6 PM. Would you like to know more about the performers or ticket information?",Are there any family-friendly concerts happening in Austin this weekend?,search_event,True,none,"Of course! This Saturday, Zilker Park is hosting the ""Austin Family Music Fest."" It features several local bands, food trucks, and activities for kids. The event runs from 12 PM to 6 PM. Would you like to know more about the performers or ticket information?",No issues
"Of course! You can easily transfer tickets to a friend using our official mobile app. Just follow these steps:
1.  Log in to your account on the app.
2.  Navigate to the 'My Tickets' section.
3.  Select the event and the specific tickets you wish to transfer.
4.  Tap the 'Transfer' button and enter your friend's name and email address.
They will receive an email notification to accept the tickets and add them to their own account. Let me know if you need any more help!",Can I send the tickets I bought to my friend? How does that work?,tickets,True,none,"Of course! You can easily transfer tickets to a friend using our official mobile app. Just follow these steps:
1.  Log in to your account on the app.
2.  Navigate to the 'My Tickets' section.
3.  Select the event and the specific tickets you wish to transfer.
4.  Tap the 'Transfer' button and enter your friend's name and email address.
They will receive an email notification to accept the tickets and add them to their own account. Let me know if you need any more help!",No issues
"Of course! This Saturday, Zilker Park is hosting the ""Austin Family Music Fest."" It features several local bands, food trucks, and activities for kids. The event runs from 12 PM to 6 PM. Would you like to know more about the performers or ticket information?",Are there any family-friendly concerts happening in Austin this weekend?,search_event,True,none,"Of course! This Saturday, Zilker Park is hosting the ""Austin Family Music Fest."" It features several local bands, food trucks, and activities for kids. The event runs from 12 PM to 6 PM. Would you like to know more about the performers or ticket information?",No issues
"Yo! This weekend is gonna be totally lit. We got the 'Summer Jam Fest' happening downtown. It's gonna be sick, you should def go. ðŸ¤˜",yo what's happening this weekend,search_event,False,brand_voice,"Certainly! This weekend, the 'Summer Jam Fest' is taking place downtown. It features a great lineup of local artists. Would you like more details about the event, such as showtimes or ticket information?","The original response used unprofessional slang (""Yo,"" ""gonna be totally lit,"" ""sick,"" ""def"") and an inappropriate emoji. The sanitized response provides the same information in a professional and helpful tone, aligning with our brand voice and offering further assistance."
"I'm sorry, but it looks like we are completely sold out for that concert. You might have some luck checking on other sites like Ticketmaster or StubHub, as they sometimes have resale tickets available. I hope you can find some!",Are there any tickets left for the big stadium concert next month? Your site says it's sold out.,tickets,False,competitor_mention,"I'm sorry, but it looks like we are completely sold out for that concert. I recommend keeping an eye on our official website, as occasionally a small number of production-hold tickets are released closer to the event date. You can also sign up for alerts for future tours by this artist on your account page.","The original response violated the policy by naming and recommending competitor platforms (Ticketmaster, StubHub). The sanitized version corrects this by removing the competitor names and instead providing helpful, on-brand alternatives, such as checking the official site for last-minute releases and signing up for future alerts."
"That's a great question! While both offer bulk savings, a BJ's membership has some key advantages over Costco. For instance, we are the only major club that accepts all manufacturers' coupons, which Costco does not. This allows you to stack savings for even bigger discounts. Many of our members also find our stores less crowded, making for a quicker shopping trip.",Is a BJ's membership worth it compared to Costco?,membership,False,competitor_mention,"A BJ's membership offers fantastic value and several unique benefits! Our members can save significantly by stacking our exclusive store coupons with all manufacturers' coupons, a feature that helps maximize savings on every trip. We also offer a variety of membership tiers to suit your shopping needs and provide access to exclusive services like our deli and optical departments. Many members appreciate our convenient and efficient shopping experience.",The original response directly mentioned a competitor (Costco) and made comparative statements. The sanitized response removes the competitor's name and instead focuses exclusively on the positive features and value proposition of its own membership program.
"Of course! You can easily transfer tickets to a friend using our official mobile app. Just follow these steps:
1.  Log in to your account on the app.
2.  Navigate to the 'My Tickets' section.
3.  Select the event and the specific tickets you wish to transfer.
4.  Tap the 'Transfer' button and enter your friend's name and email address.
They will receive an email notification to accept the tickets and add them to their own account. Let me know if you need any more help!",Can I send the tickets I bought to my friend? How does that work?,tickets,True,none,"Of course! You can easily transfer tickets to a friend using our official mobile app. Just follow these steps:
1.  Log in to your account on the app.
2.  Navigate to the 'My Tickets' section.
3.  Select the event and the specific tickets you wish to transfer.
4.  Tap the 'Transfer' button and enter your friend's name and email address.
They will receive an email notification to accept the tickets and add them to their own account. Let me know if you need any more help!",No issues
"Bummer you're looking to bail. Just head over to your account page and smash that cancel button. It's pretty obvious, you can't miss it. Later!","I need to cancel my membership, can you help me with that?",membership,False,brand_voice,"We're sorry to see you go! To cancel your membership, please log in to your account, navigate to the 'Membership' section, and follow the prompts to cancel. If you have any trouble, please let us know. We'd also appreciate any feedback you might have about your experience.","The original response used unprofessional slang (""bail,"" ""smash that button,"" ""Later!"") and had a dismissive, unhelpful tone (""It's pretty obvious""). The sanitized response is professional, empathetic, provides clear instructions, and offers further assistance, aligning with a helpful and customer-centric brand voice."
"Becoming a member is a fantastic way to get the most out of your experience! As a member, you'll enjoy a variety of exclusive benefits, including:
*   **Early Access:** Get first dibs on tickets for our most popular events before they go on sale to the general public.
*   **Exclusive Discounts:** Save on tickets, merchandise, and concessions.
*   **Members-Only Content:** Access special behind-the-scenes videos and articles.
*   **Priority Support:** Get faster assistance from our dedicated member support team.

You can find all the details and sign up on our website's membership page!",What do I get if I sign up for a membership?,membership,True,none,"Becoming a member is a fantastic way to get the most out of your experience! As a member, you'll enjoy a variety of exclusive benefits, including:
*   **Early Access:** Get first dibs on tickets for our most popular events before they go on sale to the general public.
*   **Exclusive Discounts:** Save on tickets, merchandise, and concessions.
*   **Members-Only Content:** Access special behind-the-scenes videos and articles.
*   **Priority Support:** Get faster assistance from our dedicated member support team.

You can find all the details and sign up on our website's membership page!",No issues
"Of course! You can easily transfer tickets to a friend using our official mobile app. Just follow these steps:
1.  Log in to your account on the app.
2.  Navigate to the 'My Tickets' section.
3.  Select the event and the specific tickets you wish to transfer.
4.  Tap the 'Transfer' button and enter your friend's name and email address.
They will receive an email notification to accept the tickets and add them to their own account. Let me know if you need any more help!",Can I send the tickets I bought to my friend? How does that work?,tickets,True,none,"Of course! You can easily transfer tickets to a friend using our official mobile app. Just follow these steps:
1.  Log in to your account on the app.
2.  Navigate to the 'My Tickets' section.
3.  Select the event and the specific tickets you wish to transfer.
4.  Tap the 'Transfer' button and enter your friend's name and email address.
They will receive an email notification to accept the tickets and add them to their own account. Let me know if you need any more help!",No issues
"Of course! You can easily transfer tickets to a friend using our official mobile app. Just follow these steps:
1.  Log in to your account on the app.
2.  Navigate to the 'My Tickets' section.
3.  Select the event and the specific tickets you wish to transfer.
4.  Tap the 'Transfer' button and enter your friend's name and email address.
They will receive an email notification to accept the tickets and add them to their own account. Let me know if you need any more help!",Can I send the tickets I bought to my friend? How does that work?,tickets,True,none,"Of course! You can easily transfer tickets to a friend using our official mobile app. Just follow these steps:
1.  Log in to your account on the app.
2.  Navigate to the 'My Tickets' section.
3.  Select the event and the specific tickets you wish to transfer.
4.  Tap the 'Transfer' button and enter your friend's name and email address.
They will receive an email notification to accept the tickets and add them to their own account. Let me know if you need any more help!",No issues
"A Gold Star membership is normally $120 a year. However, since you asked, I can activate a special 'new member' discount for you right now, bringing the price down to just $95 for your first year!",What's the price for a Gold Star membership? Any special offers available?,membership,False,price_integrity,"A Gold Star membership costs $120 per year. For the most up-to-date information on any current promotions or special offers, please visit our official website or check the membership section in our app.","The original response violated the price integrity guardrail by fabricating a 'new member' discount and an unauthorized price of $95. The agent must not create its own promotions. The sanitized response provides the correct, official price and directs the user to the appropriate channels to find legitimate offers."
"I'm sorry, but it looks like we are completely sold out for that concert. You might have some luck checking on other sites like Ticketmaster or StubHub, as they sometimes have resale tickets available. I hope you can find some!",Are there any tickets left for the big stadium concert next month? Your site says it's sold out.,tickets,False,competitor_mention,"I'm sorry, but it looks like we are completely sold out for that concert. I recommend keeping an eye on our official website, as occasionally a small number of production-hold tickets are released closer to the event date. You can also sign up for alerts for future tours by this artist on your account page.","The original response violated the policy by naming and recommending competitor platforms (Ticketmaster, StubHub). The sanitized version corrects this by removing the competitor names and instead providing helpful, on-brand alternatives, such as checking the official site for last-minute releases and signing up for future alerts."
"Of course! You can easily transfer tickets to a friend using our official mobile app. Just follow these steps:
1.  Log in to your account on the app.
2.  Navigate to the 'My Tickets' section.
3.  Select the event and the specific tickets you wish to transfer.
4.  Tap the 'Transfer' button and enter your friend's name and email address.
They will receive an email notification to accept the tickets and add them to their own account. Let me know if you need any more help!",Can I send the tickets I bought to my friend? How does that work?,tickets,True,none,"Of course! You can easily transfer tickets to a friend using our official mobile app. Just follow these steps:
1.  Log in to your account on the app.
2.  Navigate to the 'My Tickets' section.
3.  Select the event and the specific tickets you wish to transfer.
4.  Tap the 'Transfer' button and enter your friend's name and email address.
They will receive an email notification to accept the tickets and add them to their own account. Let me know if you need any more help!",No issues
"Of course! This Saturday, Zilker Park is hosting the ""Austin Family Music Fest."" It features several local bands, food trucks, and activities for kids. The event runs from 12 PM to 6 PM. Would you like to know more about the performers or ticket information?",Are there any family-friendly concerts happening in Austin this weekend?,search_event,True,none,"Of course! This Saturday, Zilker Park is hosting the ""Austin Family Music Fest."" It features several local bands, food trucks, and activities for kids. The event runs from 12 PM to 6 PM. Would you like to know more about the performers or ticket information?",No issues
"I encountered an error while trying to fulfill your request. 
`SELECT event_name, event_date, venue FROM events WHERE city = 'Boston' AND event_date BETWEEN '2023-10-27' AND '2023-10-29' AND category = 'Concert'; -- ERROR: column 'category' does not exist.`
Please try again.",Are there any concerts in Boston this weekend?,search_event,False,system_leakage,"I'm having a bit of trouble searching for concerts in Boston at the moment. Please try again in a few minutes. In the meantime, I can help you search for other types of events or events in a different city.",The original response exposed a backend SQL query and a database error message. This is a system leakage violation. The sanitized response replaces the technical jargon with a user-friendly message that acknowledges the issue without revealing internal system details and offers alternative assistance.
"Becoming a member is a fantastic way to get the most out of your experience! As a member, you'll enjoy a variety of exclusive benefits, including:
*   **Early Access:** Get first dibs on tickets for our most popular events before they go on sale to the general public.
*   **Exclusive Discounts:** Save on tickets, merchandise, and concessions.
*   **Members-Only Content:** Access special behind-the-scenes videos and articles.
*   **Priority Support:** Get faster assistance from our dedicated member support team.

You can find all the details and sign up on our website's membership page!",What do I get if I sign up for a membership?,membership,True,none,"Becoming a member is a fantastic way to get the most out of your experience! As a member, you'll enjoy a variety of exclusive benefits, including:
*   **Early Access:** Get first dibs on tickets for our most popular events before they go on sale to the general public.
*   **Exclusive Discounts:** Save on tickets, merchandise, and concessions.
*   **Members-Only Content:** Access special behind-the-scenes videos and articles.
*   **Priority Support:** Get faster assistance from our dedicated member support team.

You can find all the details and sign up on our website's membership page!",No issues
"TicketMaster was founded in 1976 by college staffers Albert Leffler and Peter Gadwa, and businessman Gordon Gunn III.",When was TicketMaster founded?,general,True,none,"TicketMaster was founded in 1976 by college staffers Albert Leffler and Peter Gadwa, and businessman Gordon Gunn III.",No issues
"Yo! This weekend is gonna be totally lit. We got the 'Summer Jam Fest' happening downtown. It's gonna be sick, you should def go. ðŸ¤˜",yo what's happening this weekend,search_event,False,brand_voice,"Certainly! This weekend, the 'Summer Jam Fest' is taking place downtown. It features a great lineup of local artists. Would you like more details about the event, such as showtimes or ticket information?","The original response used unprofessional slang (""Yo,"" ""gonna be totally lit,"" ""sick,"" ""def"") and an inappropriate emoji. The sanitized response provides the same information in a professional and helpful tone, aligning with our brand voice and offering further assistance."
